{"A": 0.0028925051396891557, "B": 0.007860159054113643, "C": 0.015271146001451066, "D": 0.023707123330284068, "E": 0.034180970184535385, "F": 0.04542446480629071, "G": 0.05160524079867038}